{
  "v1": {
    "A": {
      "R": 12.3033447265625,
      "G": 9.709493637084961,
      "B": 1.9548652172088623,
      "C": -5.3870649337768555
    },
    "B": {
      "R": 9.408391952514648,
      "G": 18.733842849731445,
      "B": -2.4815101623535156,
      "C": -14.293113708496094
    },
    "C": {
      "R": -16.44525718688965,
      "G": 6.84106969833374,
      "B": -0.8256301879882812,
      "C": 6.273806095123291
    },
    "D": {
      "R": -2.828339099884033,
      "G": 2.9502978324890137,
      "B": -14.843767166137695,
      "C": 7.122056484222412
    }
  },
  "xl": {
    "A": {
      "R": 2.037425994873047,
      "G": 18.36268424987793,
      "B": 22.424095153808594,
      "C": -21.928709030151367
    },
    "B": {
      "R": -23.891389846801758,
      "G": 10.339378356933594,
      "B": 12.638928413391113,
      "C": 3.878310441970825
    },
    "C": {
      "R": 8.765694618225098,
      "G": 24.64052963256836,
      "B": -20.35533905029297,
      "C": 2.5879838466644287
    },
    "D": {
      "R": -14.942508697509766,
      "G": 6.3944783210754395,
      "B": 1.6605620384216309,
      "C": 2.543539524078369
    }
  }
}